id,название,описание,подробно,дни,доступно с,ответвление,x,y,требование1,требование2,награда1,награда2,награда3,награда4,блокировать1,блокировать2
fr60-start,Возвращение величия,Определить роль Франции в послевоенном мире.,Пятая республика стремится быть не придатком блоков; а самостоятельным центром силы в Европе и Средиземноморье.,35,,Общий курс,3,1,,,politicalPower=35,stability=5,,,,
fr60-republic,Укрепить Пятую республику,Закрепить новую политическую систему.,Сильная президентская власть должна дать Франции устойчивость для независимой внешней политики.,42,,Общий курс,3,2,fr60-start,,politicalPower=35,stability=7,,,,
fr60-industry,Плановая модернизация,Ускорить индустриальное развитие.,Государственные инвестиции в энергетику; транспорт и машиностроение возвращают Франции экономический вес.,49,,Общий курс,3,3,fr60-republic,,factories=3,gdp=45,steel=25,,,
fr60-force,Force de frappe,Создать независимый ядерный щит.,Французские стратегические силы гарантируют: ни Москва; ни Вашингтон не смогут решать судьбу страны без Парижа.,56,,Общий курс,3,4,fr60-industry,,ядерная программа=1,ядерные боеголовки=8,commandPower=30,,,
fr60-course,Выбор Европы,Определить французский курс в холодной войне.,Имея сильную экономику и собственное сдерживание; Париж выбирает европейскую разрядку или совместную борьбу НАТО против СССР.,35,,Общий курс,3,5,fr60-force,,politicalPower=45,stability=4,,,,
fr60-detente,Европа от Атлантики до Урала,Продвинуть общеевропейскую разрядку.,Франция предлагает континентальный диалог; уменьшающий зависимость Европы от сверхдержав.,56,,Разрядка,2,6,fr60-course,,stability=8,politicalPower=30,очки холодной войны=nato:16,,Горячая война,
fr60-germany,Франко-германское примирение,Сделать ФРГ партнёром Европы.,Экономическое и политическое сближение Парижа с Бонном создаёт ядро самостоятельной Западной Европы.,63,,Разрядка,2,7,fr60-detente,,gdp=40,commandPower=15,очки холодной войны=nato:18,,,
fr60-peace,Европейское равновесие,Закрепить мирный исход холодной войны.,Разрядка подтверждает: Европа способна жить без войны и говорить с Востоком на равных.,70,,Разрядка,2,8,fr60-germany,,stability=10,politicalPower=55,очки холодной войны=nato:24,,,
fr60-community,Европейское сообщество,Углубить единство западноевропейских стран.,Общий рынок; инфраструктура и дипломатическая координация создают экономическую опору свободной Европы.,70,,Разрядка,1,9,fr60-peace,,gdp=55,budget=35,politicalPower=30,,,
fr60-mediterranean,Средиземноморская политика,Укрепить влияние Франции на южном фланге.,Флот; дипломатия и экономическое присутствие обеспечивают Франции стратегическую глубину от Марселя до Леванта.,77,,Разрядка,2,10,fr60-community,,commandPower=35,oil=25,очки холодной войны=nato:12,,,
fr60-atlantic,Союз равных,Сохранить Францию в системе коллективной обороны.,Париж координирует силы с НАТО; не отказываясь от собственного голоса и ядерного сдерживания.,70,,Разрядка,3,10,fr60-community,,organizationJoin=nato,warSupport=8,очки холодной войны=nato:12,,,
fr60-war-plan,План обороны Европы,Подготовить Францию к большой войне.,Французская армия и промышленность переходят к оборонному планированию; разрядка прекращается.,56,,Горячая война,4,6,fr60-course,,law:economy=war,commandPower=45,warSupport=14,,Разрядка,
fr60-war-army,Армия на Рейне,Укрепить германский фронт.,Танковые части; авиация и логистика готовятся остановить советское наступление в центре Европы.,63,,Горячая война,4,7,fr60-war-plan,,manpower=360,factories=3,очки холодной войны=nato:18,,,
fr60-war-nuclear,Ядерное предупреждение,Привести Force de frappe в полную готовность.,Независимый французский арсенал делает цену эскалации неприемлемой для Москвы.,63,,Горячая война,5,7,fr60-war-plan,,ядерные боеголовки=10,commandPower=30,очки холодной войны=nato:14,,,
fr60-war-offensive,Операция «Европейский щит»,Начать решающую кампанию НАТО.,Судьба Германии; Восточной Европы и всего континента решается на фронтах. Итог определят очки холодной войны и контроль столиц.,70,,Горячая война,4,8,fr60-war-army,fr60-war-nuclear,warSupport=18,politicalPower=35,очки холодной войны=nato:28,,,
fr60-war-resolution,Подвести итоги войны,Сравнить силы блоков и закрепить порядок в Европе.,Очки НАТО и СССР складываются из фокусов и удержания ключевых столиц. Победа НАТО объединяет Германию под ФРГ; освобождает Прибалтику и выводит Восточную Европу из советской сферы. Победа СССР означает объединение Германии под ГДР и создание советских марионеток.,35,,Горячая война,4,9,fr60-war-offensive,,итог холодной войны=war,stability=5,,,,
